question;answer
какие услуги вы оказываете;Мойка, химчистка салона, полировка кузова, керамика, антидождь, оклейка плёнкой (PPF), оклейка крыши, шумоизоляция, снятие тонировки, ремонт лобового стекла, удаление вмятин (PDR), предпродажная подготовка, антихром. Спросите про любую — назову цену.
как определить класс автомобиля;Класс 1 — хэтчбеки, малые седаны, эконом-класс. Класс 2 — седаны и универсалы комфорт/бизнес, малые кроссоверы. Класс 3 — седаны представительского класса, полноразмерные кроссоверы, джипы, минивэны.
к какому классу относится кроссовер;Малый кроссовер — класс 2. Полноразмерный кроссовер или джип — класс 3.
сколько стоит экспресс-мойка;Экспресс-мойка: класс 1 — 550 ₽, класс 2 — 650 ₽, класс 3 — 850 ₽.
сколько стоит евромойка;Евромойка: класс 1 — 950 ₽, класс 2 — 1 300 ₽, класс 3 — 1 700 ₽.
сколько стоит наномойка;Наномойка: класс 1 — 1 300 ₽, класс 2 — 1 700 ₽, класс 3 — 2 100 ₽.
сколько стоит керамомойка;Керамомойка: класс 1 — 1 600 ₽, класс 2 — 2 100 ₽, класс 3 — 2 400 ₽.
сколько стоит комплексная уборка салона;Комплексная уборка салона: класс 1 — 750 ₽, класс 2 — 1 300 ₽, класс 3 — 1 900 ₽.
сколько стоит полная химчистка салона;Полная химчистка салона: класс 1 — 13 000 ₽, класс 2 — 17 500 ₽, класс 3 — 24 000 ₽.
сколько стоит химчистка кожаных сидений;Химчистка кожаных сидений: класс 1 — 1 500 ₽, класс 2 — 1 800 ₽, класс 3 — 2 100 ₽.
сколько стоит химчистка велюровых сидений;Химчистка велюра сидений: класс 1 — 2 100 ₽, класс 2 — 2 400 ₽, класс 3 — 2 700 ₽.
сколько стоит химчистка потолка;Химчистка потолка: класс 1 — 4 100 ₽, класс 2 — 4 600 ₽, класс 3 — 5 200 ₽.
сколько стоит химчистка пола в машине;Химчистка пола: класс 1 — 4 100 ₽, класс 2 — 4 800 ₽, класс 3 — 5 500 ₽.
сколько стоит химчистка дверных карт;Химчистка дверных карт: класс 1 — 1 500 ₽, класс 2 — 1 700 ₽, класс 3 — 1 800 ₽.
сколько стоит химчистка коврика;Химчистка одного коврика — 200 ₽.
сколько стоит пропылесосить салон;Пылесос салона: класс 1 — 200 ₽, класс 2 — 300 ₽, класс 3 — 450 ₽. Пылесос багажника — 100 ₽.
сколько стоит консервант кожи;Консервант кожи: класс 1 — 450 ₽, класс 2 — 550 ₽, класс 3 — 650 ₽.
сколько стоит уборка пластика;Уборка пластика в салоне — 550 ₽.
сколько стоит мойка стекол внутри;Мойка стёкол изнутри: класс 1 — 300 ₽, класс 2 — 450 ₽, класс 3 — 550 ₽.
сколько стоит экспресс-полировка кузова;Экспресс-полировка кузова: класс 1 — 6 500 ₽, класс 2 — 8 600 ₽, класс 3 — 11 000 ₽.
сколько стоит восстановительная полировка кузова;Восстановительная полировка кузова: класс 1 — 14 000 ₽, класс 2 — 19 500 ₽, класс 3 — 24 000 ₽.
сколько стоит локальная полировка;Локальная полировка — от 800 ₽.
сколько стоит керамика на кузов;Нанесение керамики (кварцевого покрытия): класс 1 — 24 000 ₽, класс 2 — 29 000 ₽, класс 3 — 34 500 ₽. Перед нанесением обязательна восстановительная полировка кузова — она оплачивается отдельно, цена указана в записи про полировку.
сколько стоит антидождь на стекло;"Антидождь: Aquapel — класс 1 — 1 600 ₽, класс 2 — 1 800 ₽, класс 3 — 2 200 ₽; Gyeon — класс 1 — 1 800 ₽, класс 2 — 2 200 ₽, класс 3 — 2 400 ₽; KochChemie — класс 1 — 2 200 ₽, класс 2 — 2 700 ₽, класс 3 — 3 200 ₽."
сколько стоит чернение шин;Чернение шин (4 шт) — 650 ₽, любой класс.
сколько стоит чернение наружного пластика;Чернение наружного пластика: класс 1 — 550 ₽, класс 2 — 650 ₽, класс 3 — 850 ₽.
сколько стоит мойка дисков;Детейлинг-мойка дисков с резиной — 2 200 ₽, любой класс.
сколько стоит оклейка крыши черным глянцем;"Оклейка крыши чёрным глянцем: KPMF8 — класс 1 — 6 500 ₽, класс 2 — 7 600 ₽, класс 3 — 8 600 ₽; UltraVision — класс 1 — 8 600 ₽, класс 2 — 9 700 ₽, класс 3 — 11 000 ₽; Delta PPF — класс 1 — 16 000 ₽, класс 2 — 17 500 ₽, класс 3 — 19 500 ₽; Stek PPF — класс 1 — 20 000 ₽, класс 2 — 21 500 ₽, класс 3 — 26 000 ₽. Доплата: антенна — 1 100 ₽, люк — 1 100 ₽, спойлер — 3 000–5 900 ₽, молдинги — 6 000–8 600 ₽."
сколько стоит оклейка передней части пленкой;"Оклейка передней части: ProFilm — класс 1 — 61 000 ₽, класс 2 — 75 000 ₽, класс 3 — 69 500 ₽; SunTek/LLumar — класс 1 — 71 500 ₽, класс 2 — 79 500 ₽, класс 3 — 96 500 ₽; Stek USA — класс 1 — 69 500 ₽, класс 2 — 80 000 ₽, класс 3 — 91 500 ₽."
сколько стоит оклеить машину целиком пленкой;"Оклейка автомобиля целиком: ProFilm — класс 1 — 176 500 ₽, класс 2 — 200 500 ₽, класс 3 — 211 000 ₽; SunTek/LLumar — класс 1 — 211 000 ₽, класс 2 — 227 500 ₽, класс 3 — 303 000 ₽; Stek USA — класс 1 — 200 500 ₽, класс 2 — 211 000 ₽, класс 3 — 335 500 ₽."
сколько стоит бронирование фар;"Оклейка фар и фонарей антигравием: полиуретан ProFilm — класс 1 — 4 900 ₽, класс 2 — 5 400 ₽, класс 3 — 6 500 ₽; SunTek/LLumar — класс 1 — 5 400 ₽, класс 2 — 6 500 ₽, класс 3 — 8 600 ₽; Stek — класс 1 — 5 400 ₽, класс 2 — 5 900 ₽, класс 3 — 7 000 ₽; винил Oracal прозрачный — класс 1 — 2 200 ₽, класс 2 — 3 200 ₽, класс 3 — 3 800 ₽."
сколько стоит полная шумоизоляция;"Полная шумоизоляция: Базис — класс 1 — 24 500 ₽, класс 2 — 30 000 ₽, класс 3 — 35 500 ₽; Стандарт — класс 1 — 27 000 ₽, класс 2 — 33 000 ₽, класс 3 — 38 500 ₽; Премиум — класс 1 — 29 500 ₽, класс 2 — 36 000 ₽, класс 3 — 42 500 ₽."
сколько стоит шумоизоляция дверей;Шумоизоляция дверей (4 шт): класс 1 — 7 700 ₽, класс 2 — 10 500 ₽, класс 3 — 13 500 ₽.
сколько стоит шумоизоляция пола;Шумоизоляция пола салона: класс 1 — 11 000 ₽, класс 2 — 13 500 ₽, класс 3 — 16 000 ₽.
сколько стоит шумоизоляция капота;Шумоизоляция капота — 1 650–2 200 ₽.
сколько стоит шумоизоляция багажника;Шумоизоляция багажника: класс 1 — 10 000 ₽, класс 2 — 14 000 ₽, класс 3 — 18 000 ₽. Крышка багажника — 2 000–3 200 ₽.
сколько стоит снять тонировку;Снятие тонировки: передние боковые стёкла — 1 600 ₽, лобовое — 2 200 ₽, заднее с нитями обогрева — 2 200 ₽, форточка — 550 ₽, опускное стекло — 800 ₽.
сколько стоит ремонт скола на лобовом стекле;Ремонт скола — от 1 100 ₽. Остановка трещины — 550 ₽. Пролитие трещины — 50 ₽ за сантиметр.
сколько стоит убрать вмятину без покраски;Удаление вмятины (малый тычок) — от 2 200 ₽. Локальный окрас — от 6 500 ₽.
сколько стоит предпродажная подготовка;Предпродажная подготовка: класс 1 — 30 000 ₽, класс 2 — 34 500 ₽, класс 3 — 38 000 ₽. Включает мойку двигателя, полировку кузова, химчистку салона, озонацию и консервант резины. На комплекс скидка 30%.
сколько стоит сухой туман;Сухой туман (озонация) — 550 ₽, любой класс.
сколько стоит антихром;Антихром (Shadow Line): решётка радиатора — от 5 900 ₽, молдинги вокруг окон — от 8 600 ₽, задний диффузор — от 4 900 ₽, рейлинг (1 шт) — от 4 300 ₽, полная оклейка всех хромированных элементов — от 29 000 ₽.
какой у вас адрес;ЗАМЕНИТЕ: город, улица, дом, как заехать.
какой у вас график работы;ЗАМЕНИТЕ: например, ежедневно с 9:00 до 21:00.
как с вами связаться;ЗАМЕНИТЕ: телефон, Telegram или WhatsApp менеджера.
как записаться;ЗАМЕНИТЕ: как происходит запись — по телефону, в Telegram, нужна ли предоплата.
сколько по времени займет работа;ЗАМЕНИТЕ: сроки по основным услугам — например, химчистка 1 день, керамика 2-3 дня.
